Year,Area,Name,Date,Spc,Method,LiveAdults,DeadAdults,TotalAdults,LiveJacks,DeadJacks,TotalJacks,OverallReliability,EstPctSeen,ObsEfficiency,ExpLiveAdults,ExpDeadAdults,ExpLiveJacks,ExpDeadJacks
2011,23,CLEMENS CREEK,16-Sep-11,OT,3,8,,8,,,0,H,100.00%,100.00%,8,,,
2011,23,CLEMENS CREEK,16-Sep-11,CN,3,1,0,1,0,,0,H,100.00%,100.00%,1,,,
2011,23,CLEMENS CREEK,16-Sep-11,CM,3,0,0,0,0,,0,M,100.00%,,0,,,
2011,23,CLEMENS CREEK,16-Sep-11,PK,3,0,0,0,0,,0,,,,,,,
2011,23,CLEMENS CREEK,16-Sep-11,CO,3,23,0,23,1,,1,H,100.00%,100.00%,23,,,
2011,23,CLEMENS CREEK,16-Sep-11,SK,3,1827,0,1827,129,,129,H,100.00%,100.00%,1827,,,
2011,23,CLEMENS CREEK,6-Oct-11,CN,3,704,0,704,192,,192,H,90.00%,90.03%,869,,,
2011,23,CLEMENS CREEK,6-Oct-11,SK,3,17541,1,17542,617,,617,M,90.00%,95.44%,20421,,,
2011,23,CLEMENS CREEK,6-Oct-11,CO,3,904,0,904,163,,163,H,90.00%,90.04%,1116,,,
2011,23,CLEMENS CREEK,6-Oct-11,CM,3,128,0,128,0,,0,H,90.00%,90.14%,158,,,
2011,23,CLEMENS CREEK,6-Oct-11,OT,3,1,,1,,,0,H,90.00%,100.00%,1,,,
2011,23,CLEMENS CREEK,6-Oct-11,PK,3,0,0,0,0,,0,,,,,,,
2011,23,CLEMENS CREEK,14-Oct-11,CO,3,1220,0,1220,182,,182,H,85.00%,90.98%,1578,,,
2011,23,CLEMENS CREEK,14-Oct-11,OT,3,2,,2,,,0,H,85.00%,100.00%,2,,,
2011,23,CLEMENS CREEK,14-Oct-11,PK,3,3,0,3,0,,0,H,85.00%,100.00%,4,,,
2011,23,CLEMENS CREEK,14-Oct-11,CM,3,31,0,31,0,,0,H,85.00%,88.57%,41,,,
2011,23,CLEMENS CREEK,14-Oct-11,CN,3,65,0,65,39,,39,H,85.00%,95.59%,80,,,
2011,23,CLEMENS CREEK,14-Oct-11,SK,3,11464,127,11591,553,,553,M,85.00%,96.50%,13976,,,
2011,23,CLEMENS CREEK,24-Oct-11,CM,3,31,20,51,0,,0,H,95.00%,93.94%,35,,,
2011,23,CLEMENS CREEK,24-Oct-11,SK,3,2329,648,2977,217,,217,H,95.00%,94.98%,2581,,,
2011,23,CLEMENS CREEK,24-Oct-11,PK,3,1,0,1,0,,0,H,95.00%,100.00%,1,,,
2011,23,CLEMENS CREEK,24-Oct-11,CN,3,52,27,79,0,,0,H,85.00%,94.55%,65,,,
2011,23,CLEMENS CREEK,24-Oct-11,CO,3,868,0,868,163,,163,H,95.00%,94.97%,962,,,
2011,23,CLEMENS CREEK,27-Oct-11,SK,3,7064,1203,8267,362,,362,H,90.00%,95.25%,8240,,,
2011,23,CLEMENS CREEK,27-Oct-11,OT,3,1,,1,,,0,H,90.00%,100.00%,1,,,
2011,23,CLEMENS CREEK,27-Oct-11,CN,3,90,4,94,43,,43,H,90.00%,83.33%,120,,,
2011,23,CLEMENS CREEK,27-Oct-11,CM,3,92,4,96,0,,0,H,90.00%,88.46%,116,,,
2011,23,CLEMENS CREEK,27-Oct-11,PK,3,0,0,0,0,,0,,,,,,,
2011,23,CLEMENS CREEK,27-Oct-11,CO,3,1313,2,1315,225,,225,H,90.00%,88.48%,1649,,,
2012,23,CLEMENS CREEK,27-Sep-12,CM,2,0,0,0,0,,0,H,100.00%,,0,,,
2012,23,CLEMENS CREEK,1-Oct-12,CO,2,0,0,0,0,,0,H,100.00%,,0,,,
2012,23,CLEMENS CREEK,1-Oct-12,PK,2,0,0,0,0,,0,,,,0,,,
2012,23,CLEMENS CREEK,1-Oct-12,CM,2,0,0,0,0,,0,H,100.00%,,0,,,
2012,23,CLEMENS CREEK,1-Oct-12,CN,2,0,0,0,0,,0,H,100.00%,,0,,,
2012,23,CLEMENS CREEK,1-Oct-12,SK,2,27,0,27,1,,1,H,100.00%,100.00%,27,,,
2012,23,CLEMENS CREEK,10-Oct-12,CN,1,1,1,2,0,,0,H,100.00%,100.00%,1,,,
2012,23,CLEMENS CREEK,10-Oct-12,SK,1,2456,65,2521,15,,15,H,100.00%,47.99%,5118,,,
2012,23,CLEMENS CREEK,10-Oct-12,CO,1,64,0,64,0,,0,H,100.00%,100.00%,64,,,
2012,23,CLEMENS CREEK,10-Oct-12,CM,1,1,1,2,0,,0,H,100.00%,100.00%,1,,,
2012,23,CLEMENS CREEK,10-Oct-12,PK,1,0,0,0,0,,0,,,,,,,
2012,23,CLEMENS CREEK,25-Oct-12,SK,3,6173,140,6313,2,,2,H,89.00%,53.47%,12972,,,
2012,23,CLEMENS CREEK,25-Oct-12,CO,3,942,0,942,92,,92,H,89.00%,87.30%,1212,,,
2012,23,CLEMENS CREEK,25-Oct-12,PK,3,0,0,0,0,,0,,,,,,,
2012,23,CLEMENS CREEK,25-Oct-12,CM,3,91,0,91,0,,0,H,89.00%,89.22%,115,,,
2012,23,CLEMENS CREEK,25-Oct-12,CN,3,10,0,10,0,,0,H,89.00%,90.91%,12,,,
2012,23,CLEMENS CREEK,1-Nov-12,CM,3,0,0,0,0,,0,M,70.00%,,0,,,
2012,23,CLEMENS CREEK,1-Nov-12,CO,3,80,0,80,3,,3,M,75.00%,100.00%,107,,,
2012,23,CLEMENS CREEK,1-Nov-12,SK,3,1714,0,1714,0,,0,M,100.00%,43.24%,3964,,,
2012,23,CLEMENS CREEK,1-Nov-12,PK,3,0,0,0,0,,0,,,,,,,
2012,23,CLEMENS CREEK,1-Nov-12,CN,3,0,0,0,0,,0,M,70.00%,,0,,,
2012,23,CLEMENS CREEK,5-Nov-12,OT,3,1,0,1,0,,0,M,85.00%,100.00%,1,,,
2012,23,CLEMENS CREEK,5-Nov-12,CN,3,2,0,2,1,,1,M,85.00%,100.00%,2,,,
2012,23,CLEMENS CREEK,5-Nov-12,CM,3,1,0,1,0,,0,M,85.00%,100.00%,1,,,
2012,23,CLEMENS CREEK,5-Nov-12,PK,3,0,0,0,0,,0,,,,0,,,
2012,23,CLEMENS CREEK,5-Nov-12,CO,3,993,0,993,91,,91,M,85.00%,83.31%,1402,,,
2012,23,CLEMENS CREEK,5-Nov-12,SK,3,1398,115,1513,26,,26,M,85.00%,85.04%,1934,,,
2012,23,CLEMENS CREEK,26-Nov-12,PK,3,0,0,0,0,,0,,,,0,,,
2012,23,CLEMENS CREEK,26-Nov-12,CO,3,48,0,48,20,,20,H,95.00%,80.00%,63,,,
2012,23,CLEMENS CREEK,26-Nov-12,CM,3,1,0,1,0,,0,H,95.00%,100.00%,1,,,
2012,23,CLEMENS CREEK,26-Nov-12,CN,3,6,0,6,0,,0,H,95.00%,100.00%,6,,,
2012,23,CLEMENS CREEK,26-Nov-12,SK,3,4,0,4,0,,0,H,95.00%,100.00%,4,,,
2012,23,CLEMENS CREEK,27-Sep-12,SK,2,703,17,720,0,,0,H,100.00%,100.00%,703,,,
2012,23,CLEMENS CREEK,27-Sep-12,CO,2,6,0,6,0,,0,H,100.00%,100.00%,6,,,
2012,23,CLEMENS CREEK,27-Sep-12,PK,2,0,0,0,0,,0,,,,0,,,
2012,23,CLEMENS CREEK,27-Sep-12,CN,2,0,0,0,0,,0,H,100.00%,,0,,,
2013,23,CLEMENS CREEK,26-Sep-13,SK,3,3452,,3452,,,0,H,80.00%,98.83%,4366,,,
2013,23,CLEMENS CREEK,26-Sep-13,CO,3,837,,837,136,,136,H,80.00%,94.04%,1112,,,
2013,23,CLEMENS CREEK,26-Sep-13,PK,3,0,,0,,,0,H,100.00%,,0,,,
2013,23,CLEMENS CREEK,26-Sep-13,CM,3,4,,4,,,0,H,80.00%,100.00%,5,,,
2013,23,CLEMENS CREEK,26-Sep-13,CN,3,25,,25,,,0,H,80.00%,96.15%,32,,,
2013,23,CLEMENS CREEK,10-Oct-13,CO,3,1678,,1678,156,,156,H,83.00%,84.24%,2400,,,
2013,23,CLEMENS CREEK,10-Oct-13,PK,3,0,,0,,,0,M,100.00%,,0,,,
2013,23,CLEMENS CREEK,10-Oct-13,CM,3,3,,3,,,0,H,83.00%,75.00%,5,,,
2013,23,CLEMENS CREEK,10-Oct-13,OT,3,5,,5,,,0,H,83.00%,83.33%,7,,,
2013,23,CLEMENS CREEK,10-Oct-13,SK,3,5069,28,5097,,,0,H,83.00%,84.16%,7257,,,
2013,23,CLEMENS CREEK,10-Oct-13,CN,3,23,,23,3,,3,H,83.00%,76.67%,36,,,
2013,23,CLEMENS CREEK,17-Oct-13,CM,3,3,,3,,,0,H,90.00%,100.00%,3,,,
2013,23,CLEMENS CREEK,17-Oct-13,CN,3,14,,14,1,,1,H,90.00%,100.00%,16,,,
2013,23,CLEMENS CREEK,17-Oct-13,PK,3,0,,0,,,0,H,100.00%,,0,,,
2013,23,CLEMENS CREEK,17-Oct-13,CO,3,1342,,1342,182,,182,H,90.00%,100.00%,1491,,,
2013,23,CLEMENS CREEK,17-Oct-13,SK,3,3808,175,3983,,,0,H,90.00%,100.00%,4231,,,
2013,23,CLEMENS CREEK,17-Oct-13,OT,3,9,,9,,,0,H,90.00%,100.00%,10,,,
2013,23,CLEMENS CREEK,28-Oct-13,SK,3,1287,1652,2939,23,,23,H,93.00%,91.47%,1513,,,
2013,23,CLEMENS CREEK,28-Oct-13,OT,3,2,,2,,,0,H,93.00%,100.00%,2,,,
2013,23,CLEMENS CREEK,28-Oct-13,PK,3,0,,0,,,0,H,100.00%,,0,,,
2013,23,CLEMENS CREEK,28-Oct-13,CO,3,979,,979,117,,117,H,93.00%,93.68%,1124,,,
2013,23,CLEMENS CREEK,28-Oct-13,CM,3,0,,0,,,0,H,100.00%,,0,,,
2013,23,CLEMENS CREEK,28-Oct-13,CN,3,3,,3,6,,6,H,93.00%,100.00%,3,,,
2013,23,CLEMENS CREEK,19-Nov-13,SK,3,1,,1,,,0,H,90.00%,100.00%,1,,,
2013,23,CLEMENS CREEK,19-Nov-13,OT,3,1,,1,,,0,H,100.00%,100.00%,1,,,
2013,23,CLEMENS CREEK,19-Nov-13,CN,3,0,,0,,,0,L,100.00%,,0,,,
2013,23,CLEMENS CREEK,19-Sep-13,SK,3,1640,1,1641,2,,2,H,91.00%,90.51%,1991,,,
2013,23,CLEMENS CREEK,19-Sep-13,CO,3,160,,160,36,,36,H,91.00%,89.89%,196,,,
2013,23,CLEMENS CREEK,19-Sep-13,PK,3,3,,3,,,0,H,91.00%,100.00%,3,,,
2013,23,CLEMENS CREEK,19-Sep-13,CM,3,1,,1,,,0,H,91.00%,100.00%,1,,,
2013,23,CLEMENS CREEK,19-Sep-13,CN,3,2,,2,,,0,H,91.00%,100.00%,2,,,
2013,23,CLEMENS CREEK,19-Sep-13,OT,3,4,,4,,,0,H,91.00%,100.00%,4,,,
2013,23,CLEMENS CREEK,26-Sep-13,OT,3,7,,7,,,0,H,80.00%,100.00%,9,,,
2013,23,CLEMENS CREEK,19-Nov-13,CM,3,0,,0,,,0,L,100.00%,,0,,,
2013,23,CLEMENS CREEK,19-Nov-13,CO,3,188,,188,41,,41,H,90.00%,100.00%,209,,,
2013,23,CLEMENS CREEK,19-Nov-13,PK,3,0,,0,,,0,L,100.00%,,0,,,
2014,23,CLEMENS CREEK,15-Jul-14,CN,3,,,0,,,0,,,,,,,
2014,23,CLEMENS CREEK,15-Jul-14,CM,3,,,0,,,0,,,,,,,
2014,23,CLEMENS CREEK,15-Jul-14,PK,3,,,0,,,0,,,,,,,
2014,23,CLEMENS CREEK,15-Jul-14,CO,3,,,0,,,0,,,,,,,
2014,23,CLEMENS CREEK,15-Jul-14,SK,3,300,,300,38,,38,H,100.00%,94.64%,317,,,
2014,23,CLEMENS CREEK,15-Jul-14,OT,3,1,,1,,,0,H,100.00%,,0,,,
2014,23,CLEMENS CREEK,30-Jul-14,CM,3,,,0,,,0,,,,,,,
2014,23,CLEMENS CREEK,30-Jul-14,CN,3,,,0,,,0,,,,,,,
2014,23,CLEMENS CREEK,30-Jul-14,PK,3,,,0,,,0,,,,,,,
2014,23,CLEMENS CREEK,30-Jul-14,CO,3,,,0,,,0,,,,,,,
2014,23,CLEMENS CREEK,30-Jul-14,SK,3,585,,585,38,,38,H,100.00%,100.00%,585,,,
2014,23,CLEMENS CREEK,30-Jul-14,OT,3,1,,1,,,0,H,100.00%,,0,,,
2014,23,CLEMENS CREEK,26-Sep-14,OT,3,1,,1,,,0,H,100.00%,100.00%,1,,,
2014,23,CLEMENS CREEK,26-Sep-14,SK,3,2661,,2661,585,,585,H,100.00%,92.98%,2862,,,
2014,23,CLEMENS CREEK,26-Sep-14,PK,3,,,0,,,0,,,,,,,
2014,23,CLEMENS CREEK,26-Sep-14,CO,3,423,,423,158,,158,H,100.00%,95.49%,443,,,
2014,23,CLEMENS CREEK,26-Sep-14,CM,3,24,,24,,,0,H,100.00%,96.00%,25,,,
2014,23,CLEMENS CREEK,26-Sep-14,CN,3,1,,1,,,0,H,100.00%,100.00%,1,,,
2014,23,CLEMENS CREEK,3-Oct-14,SK,3,1950,2,1952,308,,308,H,100.00%,89.61%,2176,,,
2014,23,CLEMENS CREEK,3-Oct-14,OT,3,2,,2,,,0,H,100.00%,100.00%,2,,,
2014,23,CLEMENS CREEK,3-Oct-14,CN,3,1,,1,,,0,H,100.00%,100.00%,1,,,
2014,23,CLEMENS CREEK,3-Oct-14,CM,3,20,,20,,,0,H,100.00%,83.33%,24,,,
2014,23,CLEMENS CREEK,3-Oct-14,CO,3,390,,390,141,,141,H,100.00%,90.28%,432,,,
2014,23,CLEMENS CREEK,3-Oct-14,PK,3,0,,0,,,0,,,,,,,
2014,23,CLEMENS CREEK,10-Oct-14,SK,3,3349,2,3351,557,,557,H,100.00%,82.41%,4064,,,
2014,23,CLEMENS CREEK,10-Oct-14,CO,3,461,,461,144,,144,H,100.00%,90.39%,510,,,
2014,23,CLEMENS CREEK,10-Oct-14,PK,3,,,0,,,0,,,,,,,
2014,23,CLEMENS CREEK,10-Oct-14,CM,3,27,,27,,,0,H,100.00%,79.41%,34,,,
2014,23,CLEMENS CREEK,10-Oct-14,CN,3,1,,1,,,0,H,100.00%,100.00%,1,,,
2014,23,CLEMENS CREEK,10-Oct-14,OT,3,3,,3,,,0,H,100.00%,100.00%,3,,,
2014,23,CLEMENS CREEK,15-Oct-14,CO,3,775,,775,24,,24,L,100.00%,47.28%,1639,,,
2014,23,CLEMENS CREEK,15-Oct-14,PK,3,,,0,,,0,,,,,,,
2014,23,CLEMENS CREEK,15-Oct-14,CM,3,85,3,88,,,0,L,100.00%,70.25%,121,,,
2014,23,CLEMENS CREEK,15-Oct-14,CN,3,1,,1,,,0,L,100.00%,100.00%,1,,,
2014,23,CLEMENS CREEK,15-Oct-14,SK,3,1536,,1536,127,,127,L,100.00%,57.06%,2692,,,
2014,23,CLEMENS CREEK,24-Oct-14,CM,3,96,3,99,,,0,L,100.00%,67.13%,143,,,
2014,23,CLEMENS CREEK,24-Oct-14,OT,3,1,,1,,,0,L,100.00%,,0,,,
2014,23,CLEMENS CREEK,24-Oct-14,PK,3,,,0,,,0,,,,,,,
2014,23,CLEMENS CREEK,24-Oct-14,CO,3,558,,558,52,,52,L,100.00%,74.30%,751,,,
2014,23,CLEMENS CREEK,24-Oct-14,SK,3,741,2,743,26,,26,L,100.00%,70.77%,1047,,,
2014,23,CLEMENS CREEK,24-Oct-14,CN,3,1,,1,,,0,L,100.00%,100.00%,1,,,
2014,23,CLEMENS CREEK,31-Oct-14,CO,3,497,4,501,24,,24,L,100.00%,76.46%,650,,,
2014,23,CLEMENS CREEK,31-Oct-14,PK,3,,,0,,,0,,,,,,,
2014,23,CLEMENS CREEK,31-Oct-14,CM,3,3,1,4,,,0,L,100.00%,100.00%,3,,,
2014,23,CLEMENS CREEK,31-Oct-14,CN,3,4,,4,,,0,L,100.00%,100.00%,4,,,
2014,23,CLEMENS CREEK,31-Oct-14,SK,3,536,31,567,17,,17,L,100.00%,78.94%,679,,,
2014,23,CLEMENS CREEK,10-Nov-14,SK,3,26,50,76,,,0,H,100.00%,81.25%,32,,,
2014,23,CLEMENS CREEK,10-Nov-14,CO,3,149,1,150,7,,7,H,100.00%,82.78%,180,,,
2014,23,CLEMENS CREEK,10-Nov-14,PK,3,,,0,,,0,,,,,,,
2014,23,CLEMENS CREEK,10-Nov-14,CN,3,,,0,,,0,H,100.00%,,0,,,
2014,23,CLEMENS CREEK,10-Nov-14,CM,3,,,0,,,0,H,100.00%,,0,,,
2015,23,CLEMENS CREEK,9-Nov-15,CO,3,497,3,500,37,,37,H,100.00%,80.42%,618,,,
2015,23,CLEMENS CREEK,9-Nov-15,PK,3,,,0,,,0,,,,,,,
2015,23,CLEMENS CREEK,9-Nov-15,CM,3,2,,2,,,0,M,100.00%,100.00%,2,,,
2015,23,CLEMENS CREEK,9-Nov-15,CN,3,2,1,3,,,0,M,100.00%,100.00%,2,,,
2015,23,CLEMENS CREEK,19-Nov-15,SK,3,3,,3,,,0,H,100.00%,100.00%,3,,,
2015,23,CLEMENS CREEK,19-Nov-15,CO,3,171,1,172,70,,70,H,100.00%,85.93%,199,,,
2015,23,CLEMENS CREEK,19-Nov-15,PK,3,,,0,,,0,,,,,,,
2015,23,CLEMENS CREEK,19-Nov-15,CM,3,,,0,,,0,H,100.00%,,0,,,
2015,23,CLEMENS CREEK,19-Nov-15,CN,3,,,0,,,0,H,100.00%,,0,,,
2015,23,CLEMENS CREEK,29-Jul-15,SK,3,1,,1,,,0,H,100.00%,100.00%,1,,,
2015,23,CLEMENS CREEK,29-Jul-15,CO,3,,,0,,,0,H,100.00%,,,,,
2015,23,CLEMENS CREEK,29-Jul-15,PK,3,,,0,,,0,H,100.00%,,0,,,
2015,23,CLEMENS CREEK,29-Jul-15,CM,3,,,0,,,0,H,100.00%,,,,,
2015,23,CLEMENS CREEK,29-Jul-15,CN,3,,,0,,,0,H,100.00%,,,,,
2015,23,CLEMENS CREEK,29-Jul-15,OT,3,1,,1,,,0,H,100.00%,100.00%,1,,,
2015,23,CLEMENS CREEK,26-Aug-15,OT,3,1,1,2,,,0,H,100.00%,100.00%,1,,,
2015,23,CLEMENS CREEK,26-Aug-15,SK,3,0,,0,,,0,H,100.00%,,0,,,
2015,23,CLEMENS CREEK,26-Aug-15,CO,3,,,0,,,0,H,100.00%,,0,,,
2015,23,CLEMENS CREEK,26-Aug-15,PK,3,,,0,,,0,,,,,,,
2015,23,CLEMENS CREEK,26-Aug-15,CN,3,,,0,,,0,H,100.00%,,0,,,
2015,23,CLEMENS CREEK,26-Aug-15,CM,3,,,0,,,0,H,100.00%,,0,,,
2015,23,CLEMENS CREEK,4-Sep-15,OT,3,1,,1,,,0,H,100.00%,100.00%,1,,,
2015,23,CLEMENS CREEK,4-Sep-15,CN,3,1,,1,,,0,H,100.00%,100.00%,1,,,
2015,23,CLEMENS CREEK,4-Sep-15,CM,3,,,0,,,0,H,100.00%,,0,,,
2015,23,CLEMENS CREEK,4-Sep-15,PK,3,,,0,,,0,,,,,,,
2015,23,CLEMENS CREEK,4-Sep-15,CO,3,17,,17,4,,4,H,100.00%,94.44%,18,,,
2015,23,CLEMENS CREEK,4-Sep-15,SK,3,175,,175,23,,23,H,100.00%,79.55%,220,,,
2015,23,CLEMENS CREEK,11-Sep-15,OT,3,16,,16,,,0,H,100.00%,100.00%,16,,,
2015,23,CLEMENS CREEK,11-Sep-15,CN,3,1,,1,,,0,H,100.00%,100.00%,1,,,
2015,23,CLEMENS CREEK,11-Sep-15,CM,3,,,0,,,0,H,100.00%,,0,,,
2015,23,CLEMENS CREEK,11-Sep-15,PK,3,,,0,,,0,,,,,,,
2015,23,CLEMENS CREEK,11-Sep-15,SK,3,274,,274,11,,11,H,100.00%,77.62%,353,,,
2015,23,CLEMENS CREEK,11-Sep-15,CO,3,373,,373,142,,142,H,100.00%,77.07%,484,,,
2015,23,CLEMENS CREEK,21-Sep-15,CM,3,5,,5,,,0,M,100.00%,83.33%,6,,,
2015,23,CLEMENS CREEK,21-Sep-15,SK,3,497,,497,3,,3,M,100.00%,57.52%,864,,,
2015,23,CLEMENS CREEK,21-Sep-15,CO,3,457,,457,178,,178,M,100.00%,71.52%,639,,,
2015,23,CLEMENS CREEK,21-Sep-15,OT,3,3,,3,,,0,M,100.00%,100.00%,3,,,
2015,23,CLEMENS CREEK,21-Sep-15,CN,3,1,,1,,,0,M,100.00%,100.00%,1,,,
2015,23,CLEMENS CREEK,21-Sep-15,PK,3,,,0,,,0,,,,,,,
2015,23,CLEMENS CREEK,28-Sep-15,CO,3,1326,,1326,246,,246,H,100.00%,72.26%,1835,,,
2015,23,CLEMENS CREEK,28-Sep-15,SK,3,763,,763,,,0,H,100.00%,63.69%,1198,,,
2015,23,CLEMENS CREEK,28-Sep-15,PK,3,2,,2,,,0,H,100.00%,100.00%,2,,,
2015,23,CLEMENS CREEK,28-Sep-15,CM,3,43,,43,,,0,H,100.00%,58.11%,74,,,
2015,23,CLEMENS CREEK,28-Sep-15,CN,3,2,,2,,,0,H,100.00%,100.00%,2,,,
2015,23,CLEMENS CREEK,28-Sep-15,OT,3,10,,10,,,0,H,100.00%,76.92%,13,,,
2015,23,CLEMENS CREEK,5-Oct-15,OT,3,10,,10,,,0,H,100.00%,90.91%,11,,,
2015,23,CLEMENS CREEK,5-Oct-15,CN,3,30,,30,1,,1,H,100.00%,83.33%,36,,,
2015,23,CLEMENS CREEK,5-Oct-15,SK,3,427,,427,6,,6,H,100.00%,62.61%,682,,,
2015,23,CLEMENS CREEK,5-Oct-15,CO,3,864,,864,291,,291,H,100.00%,72.24%,1196,,,
2015,23,CLEMENS CREEK,5-Oct-15,PK,3,2,,2,,,0,H,100.00%,100.00%,2,,,
2015,23,CLEMENS CREEK,5-Oct-15,CM,3,27,,27,,,0,H,100.00%,56.25%,48,,,
2015,23,CLEMENS CREEK,13-Oct-15,PK,3,,,0,,,0,,,,,,,
2015,23,CLEMENS CREEK,13-Oct-15,CM,3,30,,30,,,0,H,100.00%,76.92%,39,,,
2015,23,CLEMENS CREEK,13-Oct-15,CN,3,12,,12,,,0,H,100.00%,85.71%,14,,,
2015,23,CLEMENS CREEK,13-Oct-15,CO,3,779,,779,145,,145,H,100.00%,78.53%,992,,,
2015,23,CLEMENS CREEK,13-Oct-15,OT,3,1,,1,,,0,H,100.00%,100.00%,1,,,
2015,23,CLEMENS CREEK,13-Oct-15,SK,3,402,1,403,,,0,H,100.00%,77.46%,519,,,
2015,23,CLEMENS CREEK,20-Oct-15,CN,3,64,,64,,,0,M,100.00%,84.21%,76,,,
2015,23,CLEMENS CREEK,20-Oct-15,CO,3,796,,796,47,,47,H,100.00%,84.23%,945,,,
2015,23,CLEMENS CREEK,20-Oct-15,PK,3,,,0,,,0,,,,,,,
2015,23,CLEMENS CREEK,20-Oct-15,CM,3,51,,51,,,0,M,100.00%,87.93%,58,,,
2015,23,CLEMENS CREEK,20-Oct-15,SK,3,476,1,477,2,,2,H,100.00%,85.77%,555,,,
2015,23,CLEMENS CREEK,20-Oct-15,OT,3,1,,1,,,0,H,100.00%,100.00%,1,,,
2015,23,CLEMENS CREEK,27-Oct-15,OT,3,2,,2,,,0,M,100.00%,100.00%,2,,,
2015,23,CLEMENS CREEK,27-Oct-15,PK,3,1,,1,,,0,M,100.00%,100.00%,1,,,
2015,23,CLEMENS CREEK,27-Oct-15,CM,3,14,1,15,,,0,H,100.00%,77.78%,18,,,
2015,23,CLEMENS CREEK,27-Oct-15,SK,3,517,7,524,,,0,H,100.00%,79.66%,649,,,
2015,23,CLEMENS CREEK,27-Oct-15,CN,3,32,2,34,1,,1,M,100.00%,88.89%,36,,,
2015,23,CLEMENS CREEK,27-Oct-15,CO,3,657,,657,101,,101,H,100.00%,82.13%,800,,,
2015,23,CLEMENS CREEK,3-Nov-15,CM,3,10,3,13,,,0,M,100.00%,83.33%,12,,,
2015,23,CLEMENS CREEK,3-Nov-15,SK,3,223,4,227,,,0,M,100.00%,80.51%,277,,,
2015,23,CLEMENS CREEK,3-Nov-15,PK,3,,,0,,,0,,,,,,,
2015,23,CLEMENS CREEK,3-Nov-15,CN,3,10,,10,,,0,M,100.00%,76.92%,13,,,
2015,23,CLEMENS CREEK,3-Nov-15,CO,3,595,,595,57,,57,M,100.00%,82.98%,717,,,
2015,23,CLEMENS CREEK,9-Nov-15,SK,3,71,2,73,,,0,H,100.00%,83.53%,85,,,
2016,23,CLEMENS CREEK,24-Aug-16,OT,3,1,,1,,,0,H,90.00%,100.00%,1,,,
2016,23,CLEMENS CREEK,24-Aug-16,SK,3,134,,134,2,,2,H,90.00%,87.01%,171,,,
2016,23,CLEMENS CREEK,24-Aug-16,CO,3,,,0,,,0,H,90.00%,,0,,,
2016,23,CLEMENS CREEK,24-Aug-16,PK,3,,,0,,,0,,,,,,,
2016,23,CLEMENS CREEK,24-Aug-16,CM,3,,,0,,,0,H,90.00%,,0,,,
2016,23,CLEMENS CREEK,24-Aug-16,CN,3,,,0,,,0,H,90.00%,,0,,,
2016,23,CLEMENS CREEK,7-Sep-16,CO,3,97,,97,38,,38,H,90.00%,87.39%,123,,,
2016,23,CLEMENS CREEK,7-Sep-16,PK,3,,,0,,,0,,,,,,,
2016,23,CLEMENS CREEK,7-Sep-16,CM,3,,,0,,,0,H,90.00%,,0,,,
2016,23,CLEMENS CREEK,7-Sep-16,CN,3,,,0,,,0,H,90.00%,,0,,,
2016,23,CLEMENS CREEK,7-Sep-16,OT,3,2,,2,,,0,H,90.00%,100.00%,2,,,
2016,23,CLEMENS CREEK,7-Sep-16,SK,3,249,,249,3,,3,H,90.00%,84.41%,328,,,
2016,23,CLEMENS CREEK,12-Sep-16,PK,3,,,0,,,0,,,,,,,
2016,23,CLEMENS CREEK,12-Sep-16,CO,3,174,,174,65,,65,M,90.00%,88.32%,219,,,
2016,23,CLEMENS CREEK,12-Sep-16,SK,3,313,,313,1,,1,M,90.00%,86.46%,402,,,
2016,23,CLEMENS CREEK,12-Sep-16,CM,3,,,0,,,0,M,90.00%,,0,,,
2016,23,CLEMENS CREEK,12-Sep-16,OT,3,2,,2,,,0,M,90.00%,100.00%,2,,,
2016,23,CLEMENS CREEK,12-Sep-16,CN,3,,,0,,,0,M,90.00%,,0,,,
2016,23,CLEMENS CREEK,20-Sep-16,OT,3,2,,2,,,0,H,80.00%,100.00%,2,,,
2016,23,CLEMENS CREEK,20-Sep-16,CM,3,4,,4,,,0,H,90.00%,100.00%,4,,,
2016,23,CLEMENS CREEK,20-Sep-16,PK,3,,,0,,,0,,,,,,,
2016,23,CLEMENS CREEK,20-Sep-16,CO,3,697,,697,136,,136,H,80.00%,87.02%,1001,,,
2016,23,CLEMENS CREEK,20-Sep-16,SK,3,743,1,744,1,,1,H,80.00%,89.20%,1041,,,
2016,23,CLEMENS CREEK,20-Sep-16,CN,3,13,,13,1,,1,H,80.00%,100.00%,16,,,
2016,23,CLEMENS CREEK,28-Sep-16,OT,3,1,,1,,,0,H,90.00%,100.00%,1,,,
2016,23,CLEMENS CREEK,28-Sep-16,CM,3,28,,28,,,0,H,90.00%,60.87%,51,,,
2016,23,CLEMENS CREEK,28-Sep-16,PK,3,,,0,,,0,,,,,,,
2016,23,CLEMENS CREEK,28-Sep-16,CO,3,899,,899,256,,256,H,90.00%,77.70%,1286,,,
2016,23,CLEMENS CREEK,28-Sep-16,SK,3,1636,,1636,1,,1,H,90.00%,60.39%,3010,,,
2016,23,CLEMENS CREEK,28-Sep-16,CN,3,24,,24,8,,8,H,90.00%,80.00%,33,,,
2016,23,CLEMENS CREEK,3-Oct-16,CM,3,45,,45,,,0,H,90.00%,88.24%,57,,,
2016,23,CLEMENS CREEK,3-Oct-16,SK,3,2525,,2525,,,0,H,90.00%,91.55%,3064,,,
2016,23,CLEMENS CREEK,3-Oct-16,CN,3,15,1,16,,,0,H,90.00%,83.33%,20,,,
2016,23,CLEMENS CREEK,3-Oct-16,PK,3,,,0,,,0,,,,0,,,
2016,23,CLEMENS CREEK,3-Oct-16,CO,3,934,,934,263,,263,H,90.00%,87.37%,1188,,,
2016,23,CLEMENS CREEK,3-Oct-16,OT,3,3,,3,,,0,H,90.00%,100.00%,3,,,
2016,23,CLEMENS CREEK,11-Oct-16,OT,3,1,,1,,,0,M,80.00%,100.00%,1,,,
2016,23,CLEMENS CREEK,11-Oct-16,CN,3,34,,34,2,,2,M,80.00%,80.95%,52,,,
2016,23,CLEMENS CREEK,11-Oct-16,CM,3,150,,150,,,0,H,90.00%,89.82%,186,,,
2016,23,CLEMENS CREEK,11-Oct-16,PK,3,,,0,,,0,,,,,,,
2016,23,CLEMENS CREEK,11-Oct-16,CO,3,1134,,1134,135,,135,H,80.00%,85.97%,1649,,,
2016,23,CLEMENS CREEK,11-Oct-16,SK,3,5565,,5565,1,,1,H,80.00%,88.93%,7822,,,
2016,23,CLEMENS CREEK,17-Oct-16,CO,3,1183,,1183,130,,130,M,65.00%,69.38%,2623,,,
2016,23,CLEMENS CREEK,17-Oct-16,OT,3,1,,1,,,0,H,65.00%,100.00%,2,,,
2016,23,CLEMENS CREEK,17-Oct-16,PK,3,,,0,,,0,,,,,,,
2016,23,CLEMENS CREEK,17-Oct-16,CN,3,11,,11,2,,2,H,65.00%,78.57%,22,,,
2016,23,CLEMENS CREEK,17-Oct-16,SK,3,3262,3,3265,70,,70,M,65.00%,35.38%,14185,,,
2016,23,CLEMENS CREEK,17-Oct-16,CM,3,171,,171,,,0,M,80.00%,73.71%,290,,,
2016,23,CLEMENS CREEK,24-Oct-16,CM,3,90,,90,,,0,M,80.00%,81.82%,138,,,
2016,23,CLEMENS CREEK,24-Oct-16,SK,3,3040,148,3188,,,0,M,65.00%,85.88%,5446,,,
2016,23,CLEMENS CREEK,24-Oct-16,PK,3,,,0,,,0,,,,,,,
2016,23,CLEMENS CREEK,24-Oct-16,CN,3,1,,1,,,0,M,65.00%,100.00%,2,,,
2016,23,CLEMENS CREEK,24-Oct-16,OT,3,2,,2,,,0,M,65.00%,50.00%,6,,,
2016,23,CLEMENS CREEK,24-Oct-16,CO,3,1343,,1343,153,,153,M,65.00%,76.22%,2711,,,
2016,23,CLEMENS CREEK,31-Oct-16,CN,3,1,,1,,,0,L,80.00%,100.00%,1,,,
2016,23,CLEMENS CREEK,31-Oct-16,CM,3,68,4,72,,,0,M,90.00%,80.95%,93,,,
2016,23,CLEMENS CREEK,31-Oct-16,PK,3,,,0,,,0,L,80.00%,,0,,,
2016,23,CLEMENS CREEK,31-Oct-16,SK,3,1932,513,2445,,,0,H,80.00%,84.22%,2868,,,
2016,23,CLEMENS CREEK,31-Oct-16,CO,3,1010,1,1011,209,,209,M,80.00%,83.40%,1514,,,
2016,23,CLEMENS CREEK,14-Nov-16,SK,3,16,12,28,,,0,H,80.00%,66.67%,30,,,
2016,23,CLEMENS CREEK,14-Nov-16,CO,3,130,13,143,46,,46,M,80.00%,67.01%,242,,,
2016,23,CLEMENS CREEK,14-Nov-16,PK,3,,,0,,,0,L,80.00%,,0,,,
2016,23,CLEMENS CREEK,14-Nov-16,CM,3,6,,6,,,0,M,90.00%,66.67%,10,,,
2016,23,CLEMENS CREEK,14-Nov-16,CN,3,,,0,,,0,L,80.00%,,0,,,
2017,23,CLEMENS CREEK,29-Aug-17,PK,3,,,0,,,0,,,,,,,
2017,23,CLEMENS CREEK,29-Aug-17,CO,3,,,0,,,0,H,90.00%,,,,,
2017,23,CLEMENS CREEK,29-Aug-17,CM,3,,,0,,,0,H,90.00%,,,,,
2017,23,CLEMENS CREEK,29-Aug-17,CN,3,,,0,,,0,H,90.00%,,,,,
2017,23,CLEMENS CREEK,29-Aug-17,OT,3,7,,7,,,0,H,90.00%,100.00%,8,,,
2017,23,CLEMENS CREEK,29-Aug-17,SK,3,133,,133,,,0,H,90.00%,92.36%,160,,,
2017,23,CLEMENS CREEK,5-Sep-17,CM,3,,,0,,,0,H,90.00%,,,,,
2017,23,CLEMENS CREEK,5-Sep-17,OT,3,1,,1,,,0,H,90.00%,100.00%,1,,,
2017,23,CLEMENS CREEK,5-Sep-17,CN,3,,,0,,,0,H,90.00%,,,,,
2017,23,CLEMENS CREEK,5-Sep-17,PK,3,,,0,,,0,,,,,,,
2017,23,CLEMENS CREEK,5-Sep-17,CO,3,2,,2,2,,2,H,90.00%,100.00%,2,,,
2017,23,CLEMENS CREEK,5-Sep-17,SK,3,142,,142,46,,46,H,90.00%,90.45%,174,,,
2017,23,CLEMENS CREEK,11-Sep-17,OT,3,1,,1,,,0,H,90.00%,100.00%,1,,,
2017,23,CLEMENS CREEK,11-Sep-17,CO,3,,,0,20,,20,H,90.00%,,,,,
2017,23,CLEMENS CREEK,11-Sep-17,PK,3,,,0,,,0,,,,,,,
2017,23,CLEMENS CREEK,11-Sep-17,CM,3,,,0,,,0,H,90.00%,,,,,
2017,23,CLEMENS CREEK,11-Sep-17,CN,3,2,,2,,,0,H,90.00%,100.00%,2,,,
2017,23,CLEMENS CREEK,11-Sep-17,SK,3,90,,90,70,,70,H,90.00%,91.84%,109,,,
2017,23,CLEMENS CREEK,20-Sep-17,PK,3,,,0,,,0,,,,,,,
2017,23,CLEMENS CREEK,20-Sep-17,OT,3,2,,2,,,0,H,90.00%,100.00%,2,,,
2017,23,CLEMENS CREEK,20-Sep-17,CN,3,3,,3,1,,1,H,90.00%,100.00%,3,,,
2017,23,CLEMENS CREEK,20-Sep-17,CM,3,,,0,,,0,H,90.00%,,,,,
2017,23,CLEMENS CREEK,20-Sep-17,CO,3,60,,60,120,,120,H,90.00%,100.00%,67,,,
2017,23,CLEMENS CREEK,20-Sep-17,SK,3,587,,587,119,,119,H,90.00%,100.00%,652,,,
2017,23,CLEMENS CREEK,28-Sep-17,OT,3,2,,2,,,0,H,90.00%,100.00%,2,,,
2017,23,CLEMENS CREEK,28-Sep-17,CN,3,,,0,,,0,H,90.00%,,,,,
2017,23,CLEMENS CREEK,28-Sep-17,CM,3,,,0,,,0,H,90.00%,,,,,
2017,23,CLEMENS CREEK,28-Sep-17,PK,3,,,0,,,0,,,,,,,
2017,23,CLEMENS CREEK,28-Sep-17,SK,3,895,,895,15,,15,H,90.00%,70.86%,1403,,,
2017,23,CLEMENS CREEK,28-Sep-17,CO,3,15,,15,303,,303,H,90.00%,68.18%,24,,,
2017,23,CLEMENS CREEK,4-Oct-17,PK,3,,,0,,,0,,,,,,,
2017,23,CLEMENS CREEK,4-Oct-17,CO,3,877,,877,292,,292,H,90.00%,90.23%,1080,,,
2017,23,CLEMENS CREEK,4-Oct-17,CM,3,8,,8,,,0,H,90.00%,100.00%,9,,,
2017,23,CLEMENS CREEK,4-Oct-17,CN,3,,,0,,,0,H,90.00%,,,,,
2017,23,CLEMENS CREEK,4-Oct-17,SK,3,5645,,5645,159,,159,H,90.00%,95.37%,6577,,,
2017,23,CLEMENS CREEK,12-Oct-17,SK,3,16648,7,16655,43,,43,H,90.00%,79.53%,23258,,,
2017,23,CLEMENS CREEK,12-Oct-17,CN,3,2,,2,,,0,H,90.00%,100.00%,2,,,
2017,23,CLEMENS CREEK,12-Oct-17,CM,3,31,,31,,,0,H,90.00%,77.50%,44,,,
2017,23,CLEMENS CREEK,12-Oct-17,PK,3,,,0,,,0,,,,,,,
2017,23,CLEMENS CREEK,12-Oct-17,CO,3,52,,52,790,,790,H,90.00%,85.25%,68,,,
2017,23,CLEMENS CREEK,25-Oct-17,CM,3,193,6,199,,,0,H,80.00%,92.79%,260,,,
2017,23,CLEMENS CREEK,25-Oct-17,PK,3,,,0,,,0,,,,,,,
2017,23,CLEMENS CREEK,25-Oct-17,CO,3,407,,407,321,,321,H,65.00%,79.96%,783,,,
2017,23,CLEMENS CREEK,25-Oct-17,SK,3,4958,110,5068,1,,1,H,65.00%,84.97%,8977,,,
2017,23,CLEMENS CREEK,25-Oct-17,CN,3,2,1,3,,,0,H,65.00%,100.00%,3,,,
2017,23,CLEMENS CREEK,31-Oct-17,CM,3,55,6,61,,,0,H,90.00%,85.94%,71,,,
2017,23,CLEMENS CREEK,31-Oct-17,SK,3,4172,573,4745,43,,43,H,80.00%,80.65%,6466,,,
2017,23,CLEMENS CREEK,31-Oct-17,CO,3,478,,478,479,,479,H,80.00%,90.70%,659,,,
2017,23,CLEMENS CREEK,31-Oct-17,PK,3,,,0,,,0,,,,,,,
2017,23,CLEMENS CREEK,31-Oct-17,CN,3,,,0,,,0,H,80.00%,,,,,
2017,23,CLEMENS CREEK,6-Nov-17,CO,3,459,,459,589,,589,H,80.00%,90.53%,634,,,
2017,23,CLEMENS CREEK,6-Nov-17,SK,3,2943,806,3749,31,,31,H,80.00%,88.54%,4155,,,
2017,23,CLEMENS CREEK,6-Nov-17,OT,3,2,,2,,,0,H,80.00%,100.00%,2,,,
2017,23,CLEMENS CREEK,6-Nov-17,CN,3,1,,1,2,,2,H,80.00%,100.00%,1,,,
2017,23,CLEMENS CREEK,6-Nov-17,CM,3,43,,43,,,0,H,90.00%,91.49%,52,,,
2017,23,CLEMENS CREEK,6-Nov-17,PK,3,,,0,,,0,,,,,,,
2017,23,CLEMENS CREEK,17-Nov-17,CO,3,127,,127,134,,134,H,65.00%,88.81%,220,,,
2017,23,CLEMENS CREEK,17-Nov-17,PK,3,,,0,,,0,,,,,,,
2017,23,CLEMENS CREEK,17-Nov-17,CM,3,,,0,,,0,H,80.00%,,,,,
2017,23,CLEMENS CREEK,17-Nov-17,CN,3,,,0,,,0,H,65.00%,,,,,
2017,23,CLEMENS CREEK,17-Nov-17,SK,3,290,400,690,,,0,H,65.00%,88.15%,506,,,
2017,23,CLEMENS CREEK,6-Dec-17,CN,3,,,0,,,0,H,65.00%,,,,,
2017,23,CLEMENS CREEK,6-Dec-17,PK,3,,,0,,,0,,,,,,,
2017,23,CLEMENS CREEK,6-Dec-17,CO,3,33,1,34,12,,12,H,65.00%,91.67%,55,,,
2017,23,CLEMENS CREEK,6-Dec-17,SK,3,1,2,3,,,0,H,65.00%,100.00%,2,,,
2017,23,CLEMENS CREEK,6-Dec-17,CM,3,1,,1,,,0,H,80.00%,100.00%,1,,,
2018,23,CLEMENS CREEK,5-Sep-18,CO,3,,,0,,,0,H,90.00%,,,,,
2018,23,CLEMENS CREEK,5-Sep-18,PK,3,,,0,,,0,,,,,,,
2018,23,CLEMENS CREEK,5-Sep-18,CM,3,,,0,,,0,H,90.00%,,,,,
2018,23,CLEMENS CREEK,5-Sep-18,CN,3,,,0,,,0,H,90.00%,,,,,
2018,23,CLEMENS CREEK,5-Sep-18,SK,3,497,1,498,4,,4,H,90.00%,85.10%,649,,,
2018,23,CLEMENS CREEK,13-Sep-18,PK,3,,,0,,,0,,,,,,,
2018,23,CLEMENS CREEK,13-Sep-18,OT,3,1,,1,,,0,H,80.00%,100.00%,1,,,
2018,23,CLEMENS CREEK,13-Sep-18,CM,3,,,0,,,0,H,90.00%,,,,,
2018,23,CLEMENS CREEK,13-Sep-18,CO,3,221,,221,71,,71,H,80.00%,90.95%,304,,,
2018,23,CLEMENS CREEK,13-Sep-18,SK,3,2395,,2395,7,,7,H,80.00%,90.28%,3316,,,
2018,23,CLEMENS CREEK,13-Sep-18,CN,3,5,,5,,,0,H,80.00%,100.00%,6,,,
2018,23,CLEMENS CREEK,19-Sep-18,CO,3,311,1,312,79,,79,H,90.00%,83.60%,413,,,
2018,23,CLEMENS CREEK,19-Sep-18,CN,3,7,,7,,,0,H,90.00%,100.00%,8,,,
2018,23,CLEMENS CREEK,19-Sep-18,CM,3,5,,5,,,0,H,90.00%,83.33%,7,,,
2018,23,CLEMENS CREEK,19-Sep-18,PK,3,,,0,,,0,,,,,,,
2018,23,CLEMENS CREEK,19-Sep-18,SK,3,3891,,3891,2,,2,H,90.00%,68.50%,6311,,,
2018,23,CLEMENS CREEK,26-Sep-18,CM,3,6,,6,,,0,H,90.00%,85.71%,8,,,
2018,23,CLEMENS CREEK,26-Sep-18,PK,3,,,0,,,0,,,,,,,
2018,23,CLEMENS CREEK,26-Sep-18,CO,3,570,,570,80,,80,H,90.00%,81.66%,776,,,
2018,23,CLEMENS CREEK,26-Sep-18,SK,3,3424,1,3425,12,,12,H,90.00%,78.86%,4824,,,
2018,23,CLEMENS CREEK,26-Sep-18,CN,3,27,,27,,,0,H,90.00%,84.38%,36,,,
2018,23,CLEMENS CREEK,5-Oct-18,SK,3,3811,2,3813,,,0,H,90.00%,81.83%,5174,,,
2018,23,CLEMENS CREEK,5-Oct-18,CN,3,9,,9,,,0,H,90.00%,81.82%,12,,,
2018,23,CLEMENS CREEK,5-Oct-18,CM,3,18,,18,,,0,H,90.00%,81.82%,24,,,
2018,23,CLEMENS CREEK,5-Oct-18,PK,3,,,0,,,0,,,,,,,
2018,23,CLEMENS CREEK,5-Oct-18,CO,3,506,1,507,30,,30,H,90.00%,80.96%,694,,,
2018,23,CLEMENS CREEK,11-Oct-18,CN,3,13,,13,,,0,H,80.00%,92.86%,18,,,
2018,23,CLEMENS CREEK,11-Oct-18,PK,3,,,0,,,0,,,,,,,
2018,23,CLEMENS CREEK,11-Oct-18,CO,3,423,1,424,18,,18,H,80.00%,82.30%,642,,,
2018,23,CLEMENS CREEK,11-Oct-18,SK,3,3670,12,3682,,,0,H,80.00%,80.96%,5666,,,
2018,23,CLEMENS CREEK,11-Oct-18,CM,3,19,1,20,,,0,H,90.00%,86.36%,24,,,
2018,23,CLEMENS CREEK,18-Oct-18,SK,3,3515,65,3580,1,,1,H,80.00%,83.51%,5261,,,
2018,23,CLEMENS CREEK,18-Oct-18,OT,3,2,,2,,,0,M,90.00%,100.00%,2,,,
2018,23,CLEMENS CREEK,18-Oct-18,CN,3,5,,5,,,0,M,80.00%,100.00%,6,,,
2018,23,CLEMENS CREEK,18-Oct-18,CM,3,6,1,7,,,0,M,90.00%,100.00%,7,,,
2018,23,CLEMENS CREEK,18-Oct-18,PK,3,,,0,,,0,,,,,,,
2018,23,CLEMENS CREEK,18-Oct-18,CO,3,852,,852,43,,43,M,80.00%,84.11%,1266,,,
2018,23,CLEMENS CREEK,23-Oct-18,CM,3,8,,8,,,0,H,90.00%,80.00%,11,,,
2018,23,CLEMENS CREEK,23-Oct-18,PK,3,,,0,,,0,,,,,,,
2018,23,CLEMENS CREEK,23-Oct-18,CN,3,9,,9,4,,4,H,80.00%,81.82%,14,,,
2018,23,CLEMENS CREEK,23-Oct-18,CO,3,523,1,524,41,,41,H,80.00%,81.97%,798,,,
2018,23,CLEMENS CREEK,23-Oct-18,SK,3,3004,69,3073,,,0,H,80.00%,83.93%,4474,,,
2018,23,CLEMENS CREEK,5-Nov-18,CN,3,,,0,,,0,H,80.00%,,0,,,
2018,23,CLEMENS CREEK,5-Nov-18,CO,3,411,5,416,64,,64,H,80.00%,83.03%,619,,,
2018,23,CLEMENS CREEK,5-Nov-18,PK,3,,,0,,,0,,,,,,,
2018,23,CLEMENS CREEK,5-Nov-18,CM,3,9,2,11,,,0,H,90.00%,90.00%,11,,,
2018,23,CLEMENS CREEK,5-Nov-18,SK,3,556,80,636,,,0,H,80.00%,83.73%,830,,,
2018,23,CLEMENS CREEK,16-Nov-18,CM,3,1,,1,,,0,H,90.00%,100.00%,1,,,
2018,23,CLEMENS CREEK,16-Nov-18,SK,3,6,9,15,,,0,H,80.00%,100.00%,8,,,
2018,23,CLEMENS CREEK,16-Nov-18,PK,3,,,0,,,0,,,,,,,
2018,23,CLEMENS CREEK,16-Nov-18,CN,3,,,0,,,0,H,80.00%,,0,,,
2018,23,CLEMENS CREEK,16-Nov-18,CO,3,216,4,220,21,,21,H,80.00%,89.26%,302,,,
2019,23,CLEMENS CREEK,15-Oct-19,CM,3,,,0,,,0,,,,,,,
2019,23,CLEMENS CREEK,23-Oct-19,PK,3,,,0,,,0,,,,,,,
2019,23,CLEMENS CREEK,23-Oct-19,CO,3,353,1,354,146,,146,H,80.00%,83.25%,530,,,
2019,23,CLEMENS CREEK,23-Oct-19,SK,3,862,51,913,,,0,H,80.00%,90.17%,1195,,,
2019,23,CLEMENS CREEK,23-Oct-19,CM,3,10,,10,,,0,H,90.00%,76.92%,14,,,
2019,23,CLEMENS CREEK,23-Oct-19,CN,3,0,,0,8,,8,H,80.00%,,0,,,
2019,23,CLEMENS CREEK,23-Oct-19,OT,3,4,,4,,,0,H,80.00%,100.00%,5,,,
2019,23,CLEMENS CREEK,29-Oct-19,SK,3,464,88,552,11,,11,H,80.00%,89.92%,645,,,
2019,23,CLEMENS CREEK,29-Oct-19,CO,3,396,1,397,128,,128,H,80.00%,85.71%,578,,,
2019,23,CLEMENS CREEK,29-Oct-19,PK,3,0,,0,,,0,H,80.00%,,0,,,
2019,23,CLEMENS CREEK,29-Oct-19,CM,3,12,,12,,,0,H,90.00%,85.71%,16,,,
2019,23,CLEMENS CREEK,29-Oct-19,CN,3,1,,1,,,0,H,80.00%,100.00%,1,,,
2019,23,CLEMENS CREEK,29-Oct-19,OT,3,2,,2,,,0,H,80.00%,100.00%,2,,,
2019,23,CLEMENS CREEK,18-Nov-19,CM,3,0,,0,,,0,M,65.00%,,0,,,
2019,23,CLEMENS CREEK,18-Nov-19,SK,3,0,,0,,,0,M,65.00%,,0,,,
2019,23,CLEMENS CREEK,18-Nov-19,PK,3,0,,0,,,0,M,65.00%,,0,,,
2019,23,CLEMENS CREEK,18-Nov-19,CN,3,0,,0,,,0,M,65.00%,,0,,,
2019,23,CLEMENS CREEK,18-Nov-19,OT,3,2,,2,,,0,M,65.00%,100.00%,3,,,
2019,23,CLEMENS CREEK,18-Nov-19,CO,3,98,1,99,57,,57,M,65.00%,89.91%,168,,,
2019,23,CLEMENS CREEK,29-Aug-19,CM,10,,,0,,,0,,,,,,,
2019,23,CLEMENS CREEK,29-Aug-19,PK,10,,,0,,,0,,,,,,,
2019,23,CLEMENS CREEK,29-Aug-19,CN,10,,,0,,,0,,,,,,,
2019,23,CLEMENS CREEK,29-Aug-19,CO,10,,,0,,,0,,,,,,,
2019,23,CLEMENS CREEK,29-Aug-19,SK,10,100,1,101,,,0,H,90.00%,75.19%,148,,,
2019,23,CLEMENS CREEK,6-Sep-19,SK,3,559,,559,18,,18,H,90.00%,92.40%,672,,,
2019,23,CLEMENS CREEK,6-Sep-19,CO,3,26,,26,5,,5,H,90.00%,100.00%,29,,,
2019,23,CLEMENS CREEK,6-Sep-19,PK,3,,,0,,,0,,,,,,,
2019,23,CLEMENS CREEK,6-Sep-19,CM,3,,,0,,,0,,,,,,,
2019,23,CLEMENS CREEK,6-Sep-19,CN,3,1,,1,,,0,H,90.00%,100.00%,1,,,
2019,23,CLEMENS CREEK,6-Sep-19,OT,3,7,,7,,,0,H,90.00%,100.00%,8,,,
2019,23,CLEMENS CREEK,18-Sep-19,SK,3,1451,1,1452,5,,5,H,90.00%,81.24%,1984,,,
2019,23,CLEMENS CREEK,18-Sep-19,OT,3,1,,1,,,0,H,90.00%,100.00%,1,,,
2019,23,CLEMENS CREEK,18-Sep-19,CM,3,1,,1,,,0,H,90.00%,100.00%,1,,,
2019,23,CLEMENS CREEK,18-Sep-19,CO,3,370,,370,110,,110,H,90.00%,81.14%,507,,,
2019,23,CLEMENS CREEK,18-Sep-19,PK,3,,,0,,,0,,,,,,,
2019,23,CLEMENS CREEK,18-Sep-19,CN,3,15,,15,,,0,H,90.00%,75.00%,22,,,
2019,23,CLEMENS CREEK,24-Sep-19,SK,3,1564,1,1565,6,,6,H,80.00%,78.32%,2496,,,
2019,23,CLEMENS CREEK,24-Sep-19,CO,3,283,,283,129,,129,H,80.00%,82.03%,431,,,
2019,23,CLEMENS CREEK,24-Sep-19,PK,3,,,0,,,0,,,,,,,
2019,23,CLEMENS CREEK,24-Sep-19,CM,3,8,,8,,,0,H,90.00%,72.73%,12,,,
2019,23,CLEMENS CREEK,24-Sep-19,CN,3,10,,10,,,0,H,80.00%,71.43%,18,,,
2019,23,CLEMENS CREEK,24-Sep-19,OT,3,2,,2,,,0,H,80.00%,100.00%,2,,,
2019,23,CLEMENS CREEK,1-Oct-19,OT,3,1,,1,,,0,H,80.00%,100.00%,1,,,
2019,23,CLEMENS CREEK,1-Oct-19,SK,3,1554,,1554,8,,8,H,80.00%,85.62%,2269,,,
2019,23,CLEMENS CREEK,1-Oct-19,CO,3,339,1,340,153,,153,H,80.00%,84.54%,501,,,
2019,23,CLEMENS CREEK,1-Oct-19,PK,3,,,0,,,0,,,,,,,
2019,23,CLEMENS CREEK,1-Oct-19,CN,3,13,,13,4,,4,H,80.00%,92.86%,18,,,
2019,23,CLEMENS CREEK,1-Oct-19,CM,3,4,,4,,,0,H,90.00%,80.00%,6,,,
2019,23,CLEMENS CREEK,11-Oct-19,OT,3,2,,2,,,0,H,80.00%,100.00%,2,,,
2019,23,CLEMENS CREEK,11-Oct-19,CO,3,333,,333,183,,183,H,80.00%,82.84%,502,,,
2019,23,CLEMENS CREEK,11-Oct-19,CN,3,18,,18,,,0,H,80.00%,81.82%,28,,,
2019,23,CLEMENS CREEK,11-Oct-19,CM,3,2,,2,,,0,H,90.00%,66.67%,3,,,
2019,23,CLEMENS CREEK,11-Oct-19,PK,3,,,0,,,0,,,,,,,
2019,23,CLEMENS CREEK,11-Oct-19,SK,3,2271,,2271,,,0,H,80.00%,83.00%,3420,,,
2019,23,CLEMENS CREEK,15-Oct-19,OT,3,4,,4,,,0,H,80.00%,100.00%,5,,,
2019,23,CLEMENS CREEK,15-Oct-19,SK,3,2197,8,2205,,,0,H,80.00%,82.41%,3332,,,
2019,23,CLEMENS CREEK,15-Oct-19,PK,3,,,0,,,0,,,,,,,
2019,23,CLEMENS CREEK,15-Oct-19,CN,3,10,,10,2,,2,H,80.00%,83.33%,15,,,
2019,23,CLEMENS CREEK,15-Oct-19,CO,3,378,,378,104,,104,H,80.00%,83.26%,568,,,
2008,23,CLEMENS CREEK,9-Oct-08,PK,3,0,0,0,,,0,,,,,,,
2008,23,CLEMENS CREEK,9-Oct-08,CN,3,93,0,93,0,,0,H,100.00%,100.00%,93,,,
2008,23,CLEMENS CREEK,9-Oct-08,OT,3,11,,11,,,0,H,100.00%,100.00%,11,,,
2008,23,CLEMENS CREEK,9-Oct-08,CO,3,830,0,830,0,,0,H,100.00%,100.00%,830,,,
2008,23,CLEMENS CREEK,24-Oct-08,SK,3,3870,92,3962,201,,201,H,100.00%,90.00%,4300,,,
2008,23,CLEMENS CREEK,24-Oct-08,OT,3,0,0,0,0,,0,H,100.00%,,0,,,
2008,23,CLEMENS CREEK,24-Oct-08,CN,3,41,1,42,0,,0,H,100.00%,89.13%,46,,,
2008,23,CLEMENS CREEK,24-Oct-08,CM,3,11,0,11,,,0,H,100.00%,91.67%,12,,,
2008,23,CLEMENS CREEK,24-Oct-08,PK,3,0,0,0,,,0,H,100.00%,,0,,,
2008,23,CLEMENS CREEK,24-Oct-08,CO,3,1345,0,1345,69,,69,H,100.00%,90.03%,1494,,,
2008,23,CLEMENS CREEK,24-Sep-08,CM,2,0,0,0,,,0,,,,,,,
2008,23,CLEMENS CREEK,24-Sep-08,PK,2,0,0,0,,,0,,,,,,,
2008,23,CLEMENS CREEK,24-Sep-08,CO,2,69,0,69,72,,72,H,100.00%,100.00%,69,,,
2008,23,CLEMENS CREEK,24-Sep-08,SK,2,8190,2,8192,1105,,1105,H,100.00%,100.00%,8190,,,
2008,23,CLEMENS CREEK,24-Sep-08,CN,2,16,0,16,8,,8,H,100.00%,94.12%,17,,,
2008,23,CLEMENS CREEK,9-Oct-08,CM,3,44,0,44,,,0,H,100.00%,100.00%,44,,,
2008,23,CLEMENS CREEK,9-Oct-08,SK,3,2710,0,2710,105,,105,H,100.00%,100.00%,2710,,,
2009,23,CLEMENS CREEK,24-Sep-09,CO,3,168,0,168,25,,25,,,50.00%,,,,
2009,23,CLEMENS CREEK,24-Sep-09,PK,3,0,0,0,,,0,,,,,,,
2009,23,CLEMENS CREEK,24-Sep-09,CM,3,5,0,5,,,0,,,,,,,
2009,23,CLEMENS CREEK,24-Sep-09,SK,3,5264,0,5264,4,,4,,,90.00%,,,,
2009,23,CLEMENS CREEK,24-Sep-09,CN,3,2,0,2,0,,0,,,,,,,
2009,23,CLEMENS CREEK,20-Oct-09,CN,3,32,0,32,14,,14,,,10.00%,,,,
2009,23,CLEMENS CREEK,20-Oct-09,PK,3,0,0,0,,,0,,,,,,,
2009,23,CLEMENS CREEK,20-Oct-09,CO,3,893,0,893,52,,52,,,90.02%,,,,
2009,23,CLEMENS CREEK,20-Oct-09,SK,3,15055,59,15114,0,,0,,,95.00%,,,,
2009,23,CLEMENS CREEK,20-Oct-09,CM,3,182,0,182,,,0,,,100.00%,,,,
2009,23,CLEMENS CREEK,28-Oct-09,PK,3,0,0,0,,,0,,,,,,,
2009,23,CLEMENS CREEK,28-Oct-09,CO,3,2695,0,2695,70,,70,,,70.00%,,,,
2009,23,CLEMENS CREEK,28-Oct-09,CM,3,124,0,124,,,0,,,89.86%,,,,
2009,23,CLEMENS CREEK,28-Oct-09,CN,3,52,0,52,12,,12,,,80.00%,,,,
2009,23,CLEMENS CREEK,28-Oct-09,OT,3,11,0,11,,,0,,,78.57%,,,,
2009,23,CLEMENS CREEK,28-Oct-09,SK,3,18318,933,19251,3,,3,,,90.00%,,,,
2009,23,CLEMENS CREEK,29-Oct-09,CM,3,31,0,31,,,0,,,,,,,
2009,23,CLEMENS CREEK,29-Oct-09,SK,3,11705,933,12638,0,,0,,,,,,,
2009,23,CLEMENS CREEK,29-Oct-09,PK,3,0,0,0,,,0,,,,,,,
2009,23,CLEMENS CREEK,29-Oct-09,CN,3,16,0,16,1,,1,,,,,,,
2009,23,CLEMENS CREEK,29-Oct-09,CO,3,2063,0,2063,57,,57,,,,,,,
2009,23,CLEMENS CREEK,12-Nov-09,CM,3,3,0,3,,,0,,,100.00%,,,,
2009,23,CLEMENS CREEK,12-Nov-09,SK,3,1073,193,1266,0,,0,,,85.02%,,,,
2009,23,CLEMENS CREEK,12-Nov-09,CO,3,987,0,987,48,,48,,,79.98%,,,,
2009,23,CLEMENS CREEK,12-Nov-09,PK,3,0,0,0,,,0,,,,,,,
2010,23,CLEMENS CREEK,17-Sep-10,CM,3,0,0,0,,,0,,,,,,,
2010,23,CLEMENS CREEK,17-Sep-10,SK,3,29,0,29,11,,11,,,,,,,
2010,23,CLEMENS CREEK,17-Sep-10,PK,3,0,0,0,,,0,,,,,,,
2010,23,CLEMENS CREEK,17-Sep-10,CN,3,1,0,1,3,,3,,,,,,,
2010,23,CLEMENS CREEK,17-Sep-10,CO,3,18,0,18,16,,16,,,,,,,
2010,23,CLEMENS CREEK,12-Oct-10,SK,3,18991,0,18991,0,,0,,,,,,,
2010,23,CLEMENS CREEK,12-Oct-10,OT,3,1,,1,,,0,,,,,,,
2010,23,CLEMENS CREEK,12-Oct-10,CN,3,1,0,1,0,,0,,,,,,,
2010,23,CLEMENS CREEK,12-Oct-10,CM,3,71,0,71,,,0,,,,,,,
2010,23,CLEMENS CREEK,12-Oct-10,PK,3,0,0,0,,,0,,,,,,,
2010,23,CLEMENS CREEK,12-Oct-10,CO,3,2134,0,2134,22,,22,,,,,,,
2010,23,CLEMENS CREEK,4-Nov-10,CO,3,2303,0,2303,170,,170,,,,,,,
2010,23,CLEMENS CREEK,4-Nov-10,SK,3,29651,0,29651,0,,0,,,,,,,
2010,23,CLEMENS CREEK,4-Nov-10,PK,3,0,0,0,,,0,,,,,,,
2010,23,CLEMENS CREEK,4-Nov-10,OT,3,1,,1,,,0,,,,,,,
2010,23,CLEMENS CREEK,4-Nov-10,CM,3,7,0,7,,,0,,,,,,,
2010,23,CLEMENS CREEK,4-Nov-10,CN,3,0,0,0,0,,0,,,,,,,
2020,23,CLEMENS CREEK,8-Sep-20,CM,3,,,0,,,0,,,,,,,
2020,23,CLEMENS CREEK,8-Sep-20,PK,3,,,0,,,0,,,,,,,
2020,23,CLEMENS CREEK,8-Sep-20,CO,3,19,,19,77,,77,H,80.00%,100.00%,24,,,
2020,23,CLEMENS CREEK,17-Sep-20,CM,3,,,0,,,0,,,,,,,
2020,23,CLEMENS CREEK,17-Sep-20,SK,3,1093,,1093,0,,0,M,80.00%,94.96%,1439,,,
2020,23,CLEMENS CREEK,17-Sep-20,PK,3,,,0,,,0,,,,,,,
2020,23,CLEMENS CREEK,17-Sep-20,CN,3,6,,6,0,,0,M,80.00%,100.00%,8,,,
2020,23,CLEMENS CREEK,17-Sep-20,CO,3,166,,166,0,,0,H,80.00%,98.22%,211,,,
2020,23,CLEMENS CREEK,2-Oct-20,CN,3,25,,25,0,,0,H,80.00%,80.65%,39,,,
2020,23,CLEMENS CREEK,2-Oct-20,CM,3,20,,20,,,0,H,90.00%,80.00%,28,,,
2020,23,CLEMENS CREEK,2-Oct-20,PK,3,,,0,,,0,,,,,,,
2020,23,CLEMENS CREEK,2-Oct-20,CO,3,260,,260,190,,190,H,80.00%,82.54%,394,,,
2020,23,CLEMENS CREEK,2-Oct-20,SK,3,1395,,1395,0,,0,H,80.00%,81.96%,2128,,,
2020,23,CLEMENS CREEK,14-Oct-20,CO,3,516,1,517,53,,53,M,80.00%,78.42%,822,,,
2020,23,CLEMENS CREEK,14-Oct-20,CN,3,2,,2,4,,4,M,80.00%,100.00%,2,,,
2020,23,CLEMENS CREEK,14-Oct-20,CM,3,49,,49,,,0,M,90.00%,75.38%,72,,,
2020,23,CLEMENS CREEK,14-Oct-20,OT,3,2,,2,,,0,M,80.00%,100.00%,2,,,
2020,23,CLEMENS CREEK,14-Oct-20,PK,3,,,0,,,0,,,,,,,
2020,23,CLEMENS CREEK,14-Oct-20,SK,3,475,31,506,0,,0,M,80.00%,74.33%,799,,,
2020,23,CLEMENS CREEK,20-Oct-20,CO,3,540,0,540,100,,100,H,80.00%,85.58%,789,,,
2020,23,CLEMENS CREEK,20-Oct-20,CN,3,5,0,5,0,,0,H,80.00%,83.33%,8,,,
2020,23,CLEMENS CREEK,20-Oct-20,PK,3,,,0,,,0,,,,,,,
2020,23,CLEMENS CREEK,20-Oct-20,CM,3,56,1,57,,,0,H,90.00%,87.50%,71,,,
2020,23,CLEMENS CREEK,20-Oct-20,SK,3,637,1,638,0,,0,H,80.00%,88.23%,902,,,
2020,23,CLEMENS CREEK,2-Nov-20,CM,3,18,2,20,,,0,H,90.00%,94.74%,21,,,
2020,23,CLEMENS CREEK,2-Nov-20,PK,3,,,0,,,0,,,,,,,
2020,23,CLEMENS CREEK,2-Nov-20,CN,3,2,,2,0,,0,H,90.00%,100.00%,2,,,
2020,23,CLEMENS CREEK,2-Nov-20,CO,3,419,,419,178,,178,H,90.00%,87.84%,530,,,
2020,23,CLEMENS CREEK,2-Nov-20,SK,3,154,5,159,2,,2,H,90.00%,91.67%,187,,,
2020,23,CLEMENS CREEK,13-Nov-20,CM,3,,,0,,,0,,,,,,,
2020,23,CLEMENS CREEK,13-Nov-20,SK,3,4,3,7,0,,0,H,65.00%,80.00%,8,,,
2020,23,CLEMENS CREEK,13-Nov-20,PK,3,,,0,,,0,,,,,,,
2020,23,CLEMENS CREEK,13-Nov-20,CN,3,1,,1,0,,0,H,65.00%,100.00%,2,,,
2020,23,CLEMENS CREEK,13-Nov-20,CO,3,285,,285,32,,32,H,65.00%,87.69%,500,,,
2020,23,CLEMENS CREEK,8-Sep-20,SK,3,1032,,1032,0,,0,M,80.00%,96.81%,1332,,,
2020,23,CLEMENS CREEK,8-Sep-20,OT,3,6,,6,,,0,H,80.00%,100.00%,8,,,
2020,23,CLEMENS CREEK,8-Sep-20,CN,3,17,,17,0,,0,H,80.00%,100.00%,21,,,
2021,23,CLEMENS CREEK,9-Sep-21,OT,3,5,,5,,,0,H,80.00%,100.00%,6,,,
2021,23,CLEMENS CREEK,9-Sep-21,CN,3,4,,4,12,,12,M,80.00%,100.00%,5,,,
2021,23,CLEMENS CREEK,9-Sep-21,CM,3,0,,0,,,0,H,90.00%,,0,,,
2021,23,CLEMENS CREEK,9-Sep-21,PK,3,0,,0,,,0,H,80.00%,,0,,,
2021,23,CLEMENS CREEK,9-Sep-21,CO,3,1,,1,4,,4,M,80.00%,100.00%,1,,,
2021,23,CLEMENS CREEK,9-Sep-21,SK,3,758,,758,,,0,H,80.00%,100.00%,948,,,
2021,23,CLEMENS CREEK,16-Sep-21,OT,3,3,,3,,,0,H,80.00%,100.00%,4,,,
2021,23,CLEMENS CREEK,16-Sep-21,SK,3,915,2,917,2,,2,H,80.00%,99.89%,1145,,,
2021,23,CLEMENS CREEK,16-Sep-21,CO,3,1,,1,33,,33,M,80.00%,100.00%,1,,,
2021,23,CLEMENS CREEK,16-Sep-21,PK,3,0,,0,,,0,H,80.00%,,0,,,
2021,23,CLEMENS CREEK,16-Sep-21,CM,3,0,,0,,,0,H,90.00%,,0,,,
2021,23,CLEMENS CREEK,16-Sep-21,CN,3,12,,12,98,,98,M,80.00%,100.00%,15,,,
2021,23,CLEMENS CREEK,21-Sep-21,PK,3,0,,0,,,0,H,80.00%,,0,,,
2021,23,CLEMENS CREEK,21-Sep-21,CO,3,299,,299,215,,215,M,80.00%,91.16%,410,,,
2021,23,CLEMENS CREEK,21-Sep-21,SK,3,5290,5,5295,2,,2,H,80.00%,93.98%,7036,,,
2021,23,CLEMENS CREEK,21-Sep-21,CN,3,10,,10,29,,29,M,80.00%,100.00%,12,,,
2021,23,CLEMENS CREEK,21-Sep-21,OT,3,2,,2,,,0,H,80.00%,100.00%,2,,,
2021,23,CLEMENS CREEK,21-Sep-21,CM,3,6,,6,,,0,H,90.00%,100.00%,7,,,
2021,23,CLEMENS CREEK,27-Sep-21,OT,3,2,,2,,,0,H,80.00%,100.00%,2,,,
2021,23,CLEMENS CREEK,27-Sep-21,SK,3,5690,1,5691,3,,3,H,80.00%,69.29%,10265,,,
2021,23,CLEMENS CREEK,27-Sep-21,CO,3,9,,9,6,,6,M,80.00%,75.00%,15,,,
2021,23,CLEMENS CREEK,27-Sep-21,PK,3,0,,0,,,0,H,80.00%,,0,,,
2021,23,CLEMENS CREEK,27-Sep-21,CM,3,0,,0,,,0,H,90.00%,,0,,,
2021,23,CLEMENS CREEK,27-Sep-21,CN,3,4,,4,1,,1,M,80.00%,80.00%,6,,,
2021,23,CLEMENS CREEK,8-Oct-21,PK,3,0,,0,,,0,H,80.00%,,0,,,
2021,23,CLEMENS CREEK,8-Oct-21,CO,3,351,,351,125,,125,L,80.00%,98.04%,448,,,
2021,23,CLEMENS CREEK,8-Oct-21,SK,3,8596,42,8638,65,,65,M,80.00%,99.03%,10850,,,
2021,23,CLEMENS CREEK,8-Oct-21,CN,3,0,,0,,,0,L,80.00%,,0,,,
2021,23,CLEMENS CREEK,8-Oct-21,CM,3,5,,5,,,0,M,90.00%,100.00%,6,,,
2021,23,CLEMENS CREEK,19-Oct-21,SK,3,4052,63,4115,11,,11,M,80.00%,90.43%,5601,,,
2021,23,CLEMENS CREEK,19-Oct-21,OT,3,2,,2,,,0,H,80.00%,100.00%,2,,,
2021,23,CLEMENS CREEK,19-Oct-21,CN,3,16,,16,7,,7,L,80.00%,100.00%,20,,,
2021,23,CLEMENS CREEK,19-Oct-21,CM,3,14,,14,,,0,H,90.00%,100.00%,16,,,
2021,23,CLEMENS CREEK,19-Oct-21,PK,3,0,,0,,,0,H,80.00%,,0,,,
2021,23,CLEMENS CREEK,19-Oct-21,CO,3,550,,550,113,,113,L,80.00%,90.31%,761,,,
2022,23,CLEMENS CREEK,6-Oct-22,CN,3,6,,6,30,,30,H,80.00%,85.71%,9,,,
2022,23,CLEMENS CREEK,13-Oct-22,OT,3,3,,3,,,0,M,80.00%,100.00%,4,,,
2022,23,CLEMENS CREEK,13-Oct-22,SK,3,1661,437,2098,10,,10,L,80.00%,99.34%,2090,,,
2022,23,CLEMENS CREEK,13-Oct-22,CO,3,19,,19,83,,83,H,80.00%,100.00%,24,,,
2022,23,CLEMENS CREEK,13-Oct-22,CM,3,3,,3,,,0,M,90.00%,100.00%,3,,,
2022,23,CLEMENS CREEK,13-Oct-22,CN,3,0,,0,15,,15,H,80.00%,,0,,,
2022,23,CLEMENS CREEK,13-Oct-22,PK,3,0,,0,,,0,M,80.00%,,0,,,
2022,23,CLEMENS CREEK,20-Oct-22,CM,3,0,2,2,,,0,M,90.00%,,0,,,
2022,23,CLEMENS CREEK,20-Oct-22,SK,3,1871,741,2612,8,,8,L,80.00%,54.87%,4262,,,
2022,23,CLEMENS CREEK,20-Oct-22,PK,3,0,,0,,,0,H,80.00%,,0,,,
2022,23,CLEMENS CREEK,20-Oct-22,CN,3,8,,8,17,,17,H,80.00%,88.89%,11,,,
2022,23,CLEMENS CREEK,20-Oct-22,OT,3,9,,9,,,0,M,80.00%,100.00%,11,,,
2022,23,CLEMENS CREEK,20-Oct-22,CO,3,45,4,49,70,,70,H,80.00%,35.16%,160,,,
2022,23,CLEMENS CREEK,26-Oct-22,CM,3,10,,10,,,0,M,80.00%,100.00%,12,,,
2022,23,CLEMENS CREEK,26-Oct-22,SK,3,14586,397,14983,,,0,M,65.00%,100.00%,22440,,,
2022,23,CLEMENS CREEK,26-Oct-22,PK,3,0,,0,,,0,M,65.00%,,0,,,
2022,23,CLEMENS CREEK,26-Oct-22,CN,3,25,,25,16,,16,M,65.00%,100.00%,38,,,
2022,23,CLEMENS CREEK,26-Oct-22,CO,3,172,,172,62,,62,M,65.00%,100.00%,265,,,
2022,23,CLEMENS CREEK,10-Nov-22,SK,3,4120,5419,9539,,,0,M,90.00%,92.96%,4924,,,
2022,23,CLEMENS CREEK,10-Nov-22,CN,3,14,2,16,6,,6,M,90.00%,100.00%,16,,,
2022,23,CLEMENS CREEK,10-Nov-22,CM,3,9,,9,,,0,M,90.00%,100.00%,10,,,
2022,23,CLEMENS CREEK,10-Nov-22,PK,3,0,,0,,,0,M,90.00%,,0,,,
2022,23,CLEMENS CREEK,10-Nov-22,CO,3,313,,313,146,,146,H,90.00%,92.60%,376,,,
2022,23,CLEMENS CREEK,24-Aug-22,PK,3,0,,0,,,0,H,90.00%,,0,,,
2022,23,CLEMENS CREEK,24-Aug-22,CO,3,0,,0,,,0,H,90.00%,,0,,,
2022,23,CLEMENS CREEK,24-Aug-22,CM,3,0,,0,,,0,H,90.00%,,0,,,
2022,23,CLEMENS CREEK,24-Aug-22,CN,3,0,,0,,,0,H,90.00%,,0,,,
2022,23,CLEMENS CREEK,24-Aug-22,OT,3,1,,1,,,0,H,90.00%,100.00%,1,,,
2022,23,CLEMENS CREEK,24-Aug-22,SK,3,38,,38,2,,2,H,90.00%,95.00%,44,,,
2022,23,CLEMENS CREEK,8-Sep-22,SK,3,498,,498,1,,1,H,90.00%,78.06%,709,,,
2022,23,CLEMENS CREEK,8-Sep-22,OT,3,3,,3,,,0,L,90.00%,100.00%,3,,,
2022,23,CLEMENS CREEK,8-Sep-22,CN,3,0,,0,5,,5,H,90.00%,,0,,,
2022,23,CLEMENS CREEK,8-Sep-22,CM,3,1,,1,,,0,H,90.00%,50.00%,2,,,
2022,23,CLEMENS CREEK,8-Sep-22,PK,3,0,,0,,,0,H,90.00%,,0,,,
2022,23,CLEMENS CREEK,8-Sep-22,CO,3,21,,21,34,,34,H,90.00%,51.22%,46,,,
2022,23,CLEMENS CREEK,15-Sep-22,SK,3,380,,380,4,,4,H,90.00%,95.48%,442,,,
2022,23,CLEMENS CREEK,15-Sep-22,CN,3,5,,5,11,,11,H,90.00%,100.00%,6,,,
2022,23,CLEMENS CREEK,15-Sep-22,CM,3,1,,1,,,0,H,90.00%,100.00%,1,,,
2022,23,CLEMENS CREEK,15-Sep-22,CO,3,1,,1,,,0,H,90.00%,100.00%,1,,,
2022,23,CLEMENS CREEK,15-Sep-22,PK,3,0,,0,,,0,H,90.00%,,0,,,
2022,23,CLEMENS CREEK,22-Sep-22,SK,3,319,,319,1,,1,H,90.00%,100.00%,354,,,
2022,23,CLEMENS CREEK,22-Sep-22,CM,3,5,,5,,,0,H,90.00%,100.00%,6,,,
2022,23,CLEMENS CREEK,22-Sep-22,CN,3,0,,0,39,,39,H,90.00%,,0,,,
2022,23,CLEMENS CREEK,22-Sep-22,PK,3,0,,0,,,0,H,90.00%,,0,,,
2022,23,CLEMENS CREEK,22-Sep-22,CO,3,3,,3,21,,21,H,90.00%,100.00%,3,,,
2022,23,CLEMENS CREEK,29-Sep-22,SK,3,745,,745,2,,2,H,80.00%,92.09%,1011,,,
2022,23,CLEMENS CREEK,29-Sep-22,CN,3,1,,1,18,,18,H,80.00%,100.00%,1,,,
2022,23,CLEMENS CREEK,29-Sep-22,CM,3,4,,4,,,0,H,90.00%,100.00%,4,,,
2022,23,CLEMENS CREEK,29-Sep-22,PK,3,0,,0,,,0,H,80.00%,,0,,,
2022,23,CLEMENS CREEK,29-Sep-22,CO,3,38,,38,53,,53,H,80.00%,90.48%,52,,,
2022,23,CLEMENS CREEK,29-Sep-22,OT,3,2,,2,,,0,H,80.00%,100.00%,2,,,
2022,23,CLEMENS CREEK,6-Oct-22,SK,3,1048,62,1110,1,,1,H,80.00%,89.04%,1471,,,
2022,23,CLEMENS CREEK,6-Oct-22,OT,3,1,,1,,,0,H,80.00%,100.00%,1,,,
2022,23,CLEMENS CREEK,6-Oct-22,PK,3,0,,0,,,0,H,80.00%,,0,,,
2022,23,CLEMENS CREEK,6-Oct-22,CM,3,16,,16,,,0,H,90.00%,88.89%,20,,,
2022,23,CLEMENS CREEK,6-Oct-22,CO,3,33,,33,54,,54,H,80.00%,97.06%,42,,,
2023,23,CLEMENS CREEK,22-Aug-23,SK,3,290,,290,1,,1,H,90.00%,50.00%,644,,,
2023,23,CLEMENS CREEK,22-Aug-23,CN,3,0,,0,,,0,H,90.00%,,0,,,
2023,23,CLEMENS CREEK,13-Sep-23,PK,3,2,,2,,,0,H,90.00%,50.00%,4,,,
2023,23,CLEMENS CREEK,13-Sep-23,CO,3,0,,0,7,,7,H,90.00%,,0,,,
2023,23,CLEMENS CREEK,13-Sep-23,CM,3,0,,0,,,0,H,90.00%,,0,,,
2023,23,CLEMENS CREEK,13-Sep-23,CN,3,8,,8,2,,2,H,90.00%,50.00%,18,,,
2023,23,CLEMENS CREEK,13-Sep-23,SK,3,575,,575,18,,18,H,90.00%,50.00%,1278,,,
2023,23,CLEMENS CREEK,20-Sep-23,CN,3,1,,1,2,,2,H,90.00%,50.00%,2,,,
2023,23,CLEMENS CREEK,20-Sep-23,SK,3,600,,600,23,,23,H,90.00%,50.00%,1333,,,
2023,23,CLEMENS CREEK,20-Sep-23,CO,3,2,,2,32,,32,H,90.00%,50.00%,4,,,
2023,23,CLEMENS CREEK,20-Sep-23,PK,3,2,,2,,,0,H,90.00%,50.00%,4,,,
2023,23,CLEMENS CREEK,20-Sep-23,CM,3,0,,0,,,0,H,90.00%,,0,,,
2023,23,CLEMENS CREEK,28-Sep-23,SK,3,7680,5,7685,33,,33,H,65.00%,77.78%,15191,,,
2023,23,CLEMENS CREEK,28-Sep-23,CN,3,123,,123,5,,5,H,65.00%,80.92%,234,,,
2023,23,CLEMENS CREEK,28-Sep-23,CM,3,3,,3,,,0,H,80.00%,75.00%,5,,,
2023,23,CLEMENS CREEK,28-Sep-23,CO,3,536,,536,173,,173,H,65.00%,99.63%,828,,,
2023,23,CLEMENS CREEK,28-Sep-23,PK,3,2,,2,,,0,H,65.00%,100.00%,3,,,
2023,23,CLEMENS CREEK,4-Oct-23,PK,3,1,,1,,,0,H,90.00%,100.00%,1,,,
2023,23,CLEMENS CREEK,4-Oct-23,CO,3,378,,378,153,,153,H,90.00%,87.91%,478,,,
2023,23,CLEMENS CREEK,4-Oct-23,CN,3,77,,77,4,,4,H,90.00%,66.96%,128,,,
2023,23,CLEMENS CREEK,4-Oct-23,OT,3,1,,1,,,0,H,90.00%,100.00%,1,,,
2023,23,CLEMENS CREEK,4-Oct-23,SK,3,6794,8,6802,,,0,H,90.00%,84.48%,8936,,,
2023,23,CLEMENS CREEK,4-Oct-23,CM,3,3,,3,,,0,H,80.00%,100.00%,4,,,
2023,23,CLEMENS CREEK,17-Oct-23,SK,3,4451,33,4484,12,,12,M,65.00%,98.26%,6969,,,
2023,23,CLEMENS CREEK,17-Oct-23,CM,3,44,,44,,,0,H,80.00%,100.00%,55,,,
2023,23,CLEMENS CREEK,17-Oct-23,PK,3,1,,1,,,0,H,65.00%,100.00%,2,,,
2023,23,CLEMENS CREEK,17-Oct-23,OT,3,1,,1,,,0,H,65.00%,100.00%,2,,,
2023,23,CLEMENS CREEK,17-Oct-23,CO,3,223,,223,37,,37,H,65.00%,99.11%,346,,,
2023,23,CLEMENS CREEK,17-Oct-23,CN,3,74,,74,6,,6,H,65.00%,98.67%,115,,,
2023,23,CLEMENS CREEK,24-Oct-23,CN,3,28,,28,,,0,H,80.00%,96.55%,36,,,
2023,23,CLEMENS CREEK,24-Oct-23,CM,3,35,,35,,,0,H,90.00%,92.11%,42,,,
2023,23,CLEMENS CREEK,24-Oct-23,PK,3,1,,1,,,0,H,80.00%,100.00%,1,,,
2023,23,CLEMENS CREEK,24-Oct-23,CO,3,426,,426,115,,115,H,80.00%,95.52%,558,,,
2023,23,CLEMENS CREEK,24-Oct-23,SK,3,5018,480,5498,10,,10,M,80.00%,93.83%,6685,,,
2023,23,CLEMENS CREEK,24-Oct-23,OT,3,1,,1,,,0,H,80.00%,100.00%,1,,,
2023,23,CLEMENS CREEK,31-Oct-23,CO,3,513,,513,94,,94,H,90.00%,97.53%,584,,,
2023,23,CLEMENS CREEK,31-Oct-23,PK,3,1,,1,,,0,H,90.00%,100.00%,1,,,
2023,23,CLEMENS CREEK,31-Oct-23,CM,3,7,,7,,,0,H,90.00%,100.00%,8,,,
2023,23,CLEMENS CREEK,31-Oct-23,CN,3,1,,1,,,0,H,90.00%,100.00%,1,,,
2023,23,CLEMENS CREEK,31-Oct-23,SK,3,2150,918,3068,1,,1,H,90.00%,96.37%,2479,,,
2023,23,CLEMENS CREEK,15-Nov-23,CN,3,0,,0,,,0,H,90.00%,,0,,,
2023,23,CLEMENS CREEK,15-Nov-23,CM,3,0,,0,,,0,H,90.00%,,0,,,
2023,23,CLEMENS CREEK,15-Nov-23,PK,3,0,,0,,,0,H,90.00%,,0,,,
2023,23,CLEMENS CREEK,15-Nov-23,CO,3,243,,243,68,,68,H,90.00%,96.81%,279,,,
2023,23,CLEMENS CREEK,22-Aug-23,CM,3,0,,0,,,0,H,90.00%,,0,,,
2023,23,CLEMENS CREEK,22-Aug-23,PK,3,0,,0,,,0,H,90.00%,,0,,,
2023,23,CLEMENS CREEK,22-Aug-23,CO,3,0,,0,,,0,H,90.00%,,0,,,
2023,23,CLEMENS CREEK,15-Nov-23,SK,3,13,37,50,,,0,H,90.00%,100.00%,14,,,
2024,23,CLEMENS CREEK,28-Aug-24,PK,3,0,,0,,,0,H,90.00%,,0,,,
2024,23,CLEMENS CREEK,28-Aug-24,CO,3,0,,0,15,,15,H,90.00%,,0,,,
2024,23,CLEMENS CREEK,28-Aug-24,SK,3,20,,20,,,0,H,90.00%,90.91%,24,,,
2024,23,CLEMENS CREEK,28-Aug-24,CN,3,0,,0,,,0,H,90.00%,,0,,,
2024,23,CLEMENS CREEK,11-Sep-24,CM,3,0,,0,,,0,H,80.00%,,0,,,
2024,23,CLEMENS CREEK,11-Sep-24,CO,3,5,,5,90,,90,H,80.00%,50.00%,12,,,
2024,23,CLEMENS CREEK,11-Sep-24,SK,3,343,1,344,62,,62,H,80.00%,69.15%,620,,,
2024,23,CLEMENS CREEK,11-Sep-24,PK,3,0,,0,,,0,H,80.00%,,0,,,
2024,23,CLEMENS CREEK,11-Sep-24,OT,3,1,,1,,,0,H,80.00%,100.00%,1,,,
2024,23,CLEMENS CREEK,11-Sep-24,CN,3,0,,0,,,0,H,80.00%,,0,,,
2024,23,CLEMENS CREEK,17-Sep-24,CM,3,0,,0,,,0,H,90.00%,,0,,,
2024,23,CLEMENS CREEK,28-Aug-24,CM,3,0,,0,,,0,H,90.00%,,0,,,
2024,23,CLEMENS CREEK,17-Sep-24,PK,3,0,,0,,,0,H,90.00%,,0,,,
2024,23,CLEMENS CREEK,17-Sep-24,CO,3,66,,66,63,,63,H,90.00%,53.23%,138,,,
2024,23,CLEMENS CREEK,17-Sep-24,SK,3,612,,612,103,,103,H,90.00%,69.15%,983,,,
2024,23,CLEMENS CREEK,17-Sep-24,CN,3,1,,1,2,,2,H,90.00%,50.00%,2,,,
2024,23,CLEMENS CREEK,17-Sep-24,OT,3,1,,1,,,0,H,90.00%,100.00%,1,,,
2024,23,CLEMENS CREEK,25-Sep-24,SK,3,690,2,692,71,,71,H,80.00%,61.94%,1392,,,
2024,23,CLEMENS CREEK,25-Sep-24,OT,3,1,,1,,,0,H,80.00%,100.00%,1,,,
2024,23,CLEMENS CREEK,25-Sep-24,CN,3,3,,3,,,0,H,80.00%,100.00%,4,,,
2024,23,CLEMENS CREEK,25-Sep-24,CM,3,0,,0,,,0,H,80.00%,,0,,,
2024,23,CLEMENS CREEK,25-Sep-24,PK,3,0,,0,,,0,H,80.00%,,0,,,
2024,23,CLEMENS CREEK,25-Sep-24,CO,3,291,,291,46,,46,H,80.00%,57.51%,632,,,
2024,23,CLEMENS CREEK,26-Sep-24,OT,3,2,,2,,,0,H,50.00%,100.00%,4,,,
2024,23,CLEMENS CREEK,26-Sep-24,SK,3,726,2,728,144,,144,H,50.00%,54.92%,2644,,,
2024,23,CLEMENS CREEK,26-Sep-24,CO,3,352,,352,106,,106,H,50.00%,51.46%,1368,,,
2024,23,CLEMENS CREEK,26-Sep-24,CN,3,16,,16,4,,4,H,50.00%,59.26%,54,,,
2024,23,CLEMENS CREEK,26-Sep-24,CM,3,3,,3,,,0,H,90.00%,50.00%,7,,,
2024,23,CLEMENS CREEK,26-Sep-24,PK,3,0,,0,,,0,H,50.00%,,0,,,
2024,23,CLEMENS CREEK,2-Oct-24,OT,3,2,,2,,,0,H,90.00%,100.00%,2,,,
2024,23,CLEMENS CREEK,2-Oct-24,SK,3,1359,,1359,110,,110,H,90.00%,97.00%,1557,,,
2024,23,CLEMENS CREEK,2-Oct-24,CO,3,746,,746,315,,315,H,90.00%,94.67%,876,,,
2024,23,CLEMENS CREEK,2-Oct-24,PK,3,0,,0,,,0,H,90.00%,,0,,,
2024,23,CLEMENS CREEK,2-Oct-24,CM,3,40,,40,,,0,H,90.00%,97.56%,46,,,
2024,23,CLEMENS CREEK,2-Oct-24,CN,3,50,,50,5,,5,H,90.00%,96.15%,58,,,
2024,23,CLEMENS CREEK,10-Oct-24,SK,3,1548,,1548,47,,47,H,90.00%,98.10%,1753,,,
2024,23,CLEMENS CREEK,10-Oct-24,PK,3,0,,0,,,0,H,90.00%,,0,,,
2024,23,CLEMENS CREEK,10-Oct-24,CM,3,62,1,63,,,0,H,90.00%,100.00%,69,,,
2024,23,CLEMENS CREEK,10-Oct-24,CN,3,30,2,32,1,,1,H,90.00%,100.00%,33,,,
2024,23,CLEMENS CREEK,10-Oct-24,OT,3,2,,2,,,0,H,90.00%,100.00%,2,,,
2024,23,CLEMENS CREEK,10-Oct-24,CO,3,1063,,1063,132,,132,H,90.00%,100.00%,1181,,,
2024,23,CLEMENS CREEK,11-Oct-24,OT,3,2,,2,,,0,H,90.00%,100.00%,2,,,
2024,23,CLEMENS CREEK,11-Oct-24,SK,3,1867,,1867,125,,125,H,90.00%,90.37%,2296,,,
2024,23,CLEMENS CREEK,11-Oct-24,CO,3,758,,758,279,,279,H,90.00%,90.13%,934,,,
2024,23,CLEMENS CREEK,11-Oct-24,PK,3,0,,0,,,0,H,90.00%,,0,,,
2024,23,CLEMENS CREEK,11-Oct-24,CM,3,69,,69,,,0,H,90.00%,90.79%,84,,,
2024,23,CLEMENS CREEK,11-Oct-24,CN,3,64,2,66,6,,6,H,90.00%,92.75%,77,,,
2024,23,CLEMENS CREEK,17-Oct-24,PK,3,0,,0,,,0,H,65.00%,,0,,,
2024,23,CLEMENS CREEK,17-Oct-24,CO,3,527,,527,87,,87,H,65.00%,67.31%,1205,,,
2024,23,CLEMENS CREEK,17-Oct-24,CN,3,14,,14,4,,4,H,65.00%,77.78%,28,,,
2024,23,CLEMENS CREEK,17-Oct-24,CM,3,115,1,116,,,0,H,90.00%,70.12%,182,,,
2024,23,CLEMENS CREEK,17-Oct-24,SK,3,887,8,895,33,,33,H,65.00%,61.34%,2225,,,
2024,23,CLEMENS CREEK,22-Oct-24,CO,3,770,2,772,183,,183,H,80.00%,84.71%,1136,,,
2024,23,CLEMENS CREEK,22-Oct-24,PK,3,0,,0,,,0,H,80.00%,,0,,,
2024,23,CLEMENS CREEK,22-Oct-24,CM,3,480,19,499,,,0,H,90.00%,88.56%,602,,,
2024,23,CLEMENS CREEK,22-Oct-24,CN,3,19,,19,1,,1,H,80.00%,82.61%,29,,,
2024,23,CLEMENS CREEK,22-Oct-24,SK,3,1031,12,1043,25,,25,H,80.00%,80.93%,1592,,,
2024,23,CLEMENS CREEK,25-Oct-24,PK,3,0,,0,,,0,H,90.00%,,0,,,
2024,23,CLEMENS CREEK,25-Oct-24,CM,3,448,20,468,,,0,H,90.00%,100.00%,498,,,
2024,23,CLEMENS CREEK,25-Oct-24,CN,3,10,1,11,5,,5,H,90.00%,100.00%,11,,,
2024,23,CLEMENS CREEK,25-Oct-24,OT,3,1,,1,,,0,H,90.00%,100.00%,1,,,
2024,23,CLEMENS CREEK,25-Oct-24,SK,3,977,7,984,,,0,H,90.00%,90.88%,1194,,,
2024,23,CLEMENS CREEK,25-Oct-24,CO,3,794,,794,136,,136,H,90.00%,100.00%,882,,,
2024,23,CLEMENS CREEK,29-Oct-24,CO,3,570,,570,152,,152,H,90.00%,92.08%,688,,,
2024,23,CLEMENS CREEK,29-Oct-24,PK,3,0,,0,,,0,H,90.00%,,0,,,
2024,23,CLEMENS CREEK,29-Oct-24,CM,3,159,6,165,,,0,H,90.00%,90.86%,194,,,
2024,23,CLEMENS CREEK,29-Oct-24,SK,3,572,41,613,10,,10,H,90.00%,83.75%,759,,,
2024,23,CLEMENS CREEK,29-Oct-24,CN,3,7,,7,1,,1,H,90.00%,100.00%,8,,,
2024,23,CLEMENS CREEK,12-Nov-24,PK,3,0,,0,,,0,H,90.00%,,0,,,
2024,23,CLEMENS CREEK,12-Nov-24,CM,3,2,,2,,,0,H,90.00%,100.00%,2,,,
2024,23,CLEMENS CREEK,12-Nov-24,CO,3,189,,189,39,,39,H,90.00%,80.08%,262,,,
2024,23,CLEMENS CREEK,12-Nov-24,SK,3,19,1,20,,,0,H,90.00%,70.37%,30,,,
2024,23,CLEMENS CREEK,12-Nov-24,CN,3,1,,1,,,0,H,90.00%,100.00%,1,,,
2024,23,CLEMENS CREEK,15-Nov-24,SK,3,26,1,27,1,,1,H,90.00%,100.00%,29,,,
2024,23,CLEMENS CREEK,15-Nov-24,OT,3,1,,1,,,0,H,90.00%,100.00%,1,,,
2024,23,CLEMENS CREEK,15-Nov-24,CN,3,0,,0,,,0,H,90.00%,,0,,,
2024,23,CLEMENS CREEK,15-Nov-24,CM,3,0,,0,,,0,H,90.00%,,0,,,
2024,23,CLEMENS CREEK,15-Nov-24,CO,3,280,4,284,63,,63,H,90.00%,98.94%,314,,,
2024,23,CLEMENS CREEK,15-Nov-24,PK,3,0,,0,,,0,H,90.00%,,0,,,
